metric,mean,std
rt,0.740331828786144,0.06323442242163622
centr,0.7566766566766566,0.13310798060201215
knn,0.8610779763098911,0.15379750009824283
